<?xml version="1.0" encoding="UTF-8"?>
<!DOCTYPE fontscolors PUBLIC "-//NetBeans//DTD Editor Fonts and Colors settings 1.1//EN" "http://www.netbeans.org/dtds/EditorFontsColors-1_1.dtd">
<fontscolors>
    <fontcolor default="whitespace" name="dtd-ws"/>
    <fontcolor default="entity-reference" name="dtd-ref"/>
    <fontcolor default="operator" name="dtd-symbol"/>
    <fontcolor default="default" name="dtd-plain"/>
    <fontcolor default="error" name="dtd-error"/>
    <fontcolor default="plain" name="dtd-processing"/>
    <fontcolor default="keyword" name="dtd-keyword"/>
    <fontcolor default="keyword" foreColor="ffb20000" name="dtd-target"/>
    <fontcolor default="comment" name="dtd-comment"/>
    <fontcolor default="keyword" name="dtd-declaration"/>
    <fontcolor default="entity-reference" name="dtd-character"/>
    <fontcolor default="operator" name="dtd-operator"/>
    <fontcolor default="identifier" name="dtd-name"/>
    <fontcolor default="string" name="dtd-string"/>
</fontscolors>
