<?xml version="1.0" encoding="UTF-8"?>
<!DOCTYPE fontscolors PUBLIC "-//NetBeans//DTD Editor Fonts and Colors settings 1.1//EN" "http://www.netbeans.org/dtds/EditorFontsColors-1_1.dtd">
<fontscolors>
    <fontcolor bgColor="ff38566f" name="mark-occurrences"/>
    <fontcolor name="identifier"/>
    <fontcolor default="field" name="markup-attribute"/>
    <fontcolor default="identifier" foreColor="ff88c0d0" name="method"/>
    <fontcolor foreColor="ffa3be8c" name="string"/>
    <fontcolor default="keyword" name="markup-element"/>
    <fontcolor default="string" foreColor="ffc10087" name="markup-attribute-value"/>
    <fontcolor name="error" waveUnderlined="ffbf616a"/>
    <fontcolor default="default" name="entity-reference"/>
    <fontcolor name="separator"/>
    <fontcolor foreColor="ff81a1c1" name="operator"/>
    <fontcolor foreColor="ff88c0d0" name="url" underline="blue"/>
    <fontcolor foreColor="ffb48ead" name="number"/>
    <fontcolor bgColor="ff2e3440" foreColor="ffd8dee9" name="default">
        <font name="Menlo" size="14"/>
    </fontcolor>
    <fontcolor default="identifier" foreColor="ff81a1c1" name="field"/>
    <fontcolor foreColor="ffa3be8c" name="char"/>
    <fontcolor name="warning" waveUnderlined="ffebcb8b"/>
    <fontcolor foreColor="ff616e88" name="comment">
        <font style="italic"/>
    </fontcolor>
    <fontcolor foreColor="ff81a1c1" name="keyword"/>
    <fontcolor name="whitespace"/>
</fontscolors>
